Unit ID,Inc #,Location,Latitude,Longitude,Inc Type,Started,Ended,Time Spent
,,,,,,,,
,,,,,,,,
101,18002072,LIBERTY ST & WEST 4TH ST,40.61268,-74.42541,HOTSPOT PATROL,1/12/2018 9:50,1/12/2018 10:15,25.5
106,18002962,300 HILLCREST AV,40.63576,-74.405822,HOTSPOT PATROL,1/16/2018 23:28,1/16/2018 23:44,16
103,18003173,1022 ROSE ST,40.609034,-74.411041,PROACTIVE PATRO,1/18/2018 0:40,1/18/2018 0:57,16.95
104,18003174,111 EAST FRONT ST,40.618968,-74.423645,PROACTIVE PATRO,1/18/2018 0:41,1/18/2018 1:00,19.87
101,18003176,1200 WEST FRONT ST,40.603372,-74.445369,PROACTIVE PATRO,1/18/2018 0:49,1/18/2018 1:05,16.17
101,18003197,747 SOUTH 2ND ST,40.608368,-74.434112,PROACTIVE PATRO,1/18/2018 3:44,1/18/2018 4:03,19.15
105,18003198,EAST 2ND ST & WATCHUNG AV,40.61957,-74.42101,PROACTIVE PATRO,1/18/2018 3:47,1/18/2018 3:57,10.78
105,18009123,128 EAST 7TH ST,40.615777,-74.41656,HOTSPOT PATROL,2/18/2018 11:17,2/18/2018 11:24,6.7
107,18010372,311 WEST FRONT ST,40.617024,-74.425833,HOTSPOT PATROL,2/25/2018 11:52,2/25/2018 12:04,11.83
101,18010635,1521 SOUTH 2ND ST,40.59867,-74.449168,HOTSPOT PATROL,2/26/2018 18:46,2/26/2018 19:02,16.27
101,18014153,325 STEBBINS PL,40.605014,-74.435153,HOTSPOT PATROL,3/14/2018 16:02,3/14/2018 16:16,13.38
102,18014302,311 WEST FRONT ST,40.617024,-74.425833,HOTSPOT PATROL,3/15/2018 10:00,3/15/2018 10:21,21.6
103,18015275,202 WEST 7TH ST,40.613871,-74.418705,PROACTIVE PATRO,3/21/2018 3:01,3/21/2018 3:18,16.07
101,18015299,324 MONROE AV,40.603602,-74.437311,HOTSPOT PATROL,3/21/2018 7:49,3/21/2018 8:14,25.17
107,18015343,130 WEST FRONT ST,40.618187,-74.424488,HOTSPOT PATROL,3/21/2018 15:38,3/21/2018 17:21,102.65
101,18015431,325 STEBBINS PL,40.605014,-74.435153,HOTSPOT PATROL,3/22/2018 7:40,3/22/2018 8:09,28.63
102,18015710,311 WEST FRONT ST,40.617024,-74.425833,HOTSPOT PATROL,3/23/2018 10:56,3/23/2018 11:07,11.07
106,18019206,10 LELAND AV,40.635978,-74.411599,HOTSPOT PATROL,4/13/2018 18:31,4/13/2018 18:57,25.8
102,18019321,311 WEST FRONT ST,40.617024,-74.425833,HOTSPOT PATROL,4/14/2018 7:33,4/14/2018 7:43,10.35
101,18019535,227 GRANT AV,40.607453,-74.433813,HOTSPOT PATROL,4/15/2018 7:48,4/15/2018 8:15,26.52
106,18019536,10 LELAND AV,40.635978,-74.411599,HOTSPOT PATROL,4/15/2018 7:49,4/15/2018 8:12,23.05
102,18019551,520 CENTRAL AV,40.613279,-74.421559,HOTSPOT PATROL,4/15/2018 10:49,4/15/2018 11:06,16.97
102,18020781,311 WEST FRONT ST,40.617024,-74.425833,HOTSPOT PATROL,4/22/2018 10:35,4/22/2018 10:53,18.13
103,18020834,800 PARK AV,40.613888,-74.415691,HOTSPOT PATROL,4/22/2018 15:53,4/22/2018 16:11,17.8
107,18020835,600 PARK AV,40.615518,-74.418489,HOTSPOT PATROL,4/22/2018 15:54,4/22/2018 16:27,32.47
106,18021874,1147 SOUTH AV,40.629917,-74.400891,HOTSPOT PATROL,4/28/2018 7:22,4/28/2018 7:54,31.45
106,18021886,933 EAST FRONT ST,40.63329,-74.41469,HOTSPOT PATROL,4/28/2018 9:09,4/28/2018 9:25,16.45
102,18022443,311 WEST FRONT ST,40.617024,-74.425833,HOTSPOT PATROL,5/1/2018 10:49,5/1/2018 11:11,21.5
101,18023901,208 MUHLENBERG PL,40.60965,-74.43201,HOTSPOT PATROL,5/9/2018 9:41,5/9/2018 9:58,16.72
106,18024827,1273 EAST FRONT ST,40.63809,-74.40975,HOTSPOT PATROL,5/14/2018 13:27,5/14/2018 13:43,16.17
106,18025450,1273 EAST FRONT ST,40.63809,-74.40975,HOTSPOT PATROL,5/17/2018 19:43,5/17/2018 19:56,13.02
101,18025552,609 WEST 4TH ST,40.610671,-74.427575,HOTSPOT PATROL,5/18/2018 8:24,5/18/2018 8:26,2.07
102,18025574,446 WEST 6TH ST,40.611814,-74.42311,HOTSPOT PATROL,5/18/2018 10:39,5/18/2018 10:56,17.35
103,18025575,538 WEST 7TH ST,40.609464,-74.423818,HOTSPOT PATROL,5/18/2018 10:41,5/18/2018 11:18,36.83
104,18025576,600 EAST 6TH ST,40.622368,-74.410928,HOTSPOT PATROL,5/18/2018 10:42,5/18/2018 10:53,11.43
105,18025897,248 EAST 9TH ST,40.616682,-74.412557,HOTSPOT PATROL,5/20/2018 9:39,5/20/2018 9:46,7.02
101,18026426,300 WEST FRONT ST,40.61729,-74.425759,HOTSPOT PATROL,5/23/2018 8:58,5/23/2018 8:59,1.13
106,18026547,933 EAST FRONT ST,40.63329,-74.41469,HOTSPOT PATROL,5/23/2018 18:08,5/23/2018 18:15,6.6
106,18026550,933 EAST FRONT ST,40.63329,-74.41469,HOTSPOT PATROL,5/23/2018 18:16,5/23/2018 18:59,43.05
104,18028533,200 EAST FRONT ST,40.620206,-74.422044,HOTSPOT PTRL,6/2/2018 8:35,6/2/2018 8:51,15.3
103,18028585,538 WEST 7TH ST,40.609464,-74.423818,HOTSPOT PTRL,6/2/2018 12:51,6/2/2018 13:14,23.02
103,18028744,538 WEST 7TH ST,40.609464,-74.423818,HOTSPOT PTRL,6/3/2018 10:55,6/3/2018 11:10,15.3
102,18029889,130 WEST FRONT ST,40.618187,-74.424488,HOTSPOT PTRL,6/9/2018 13:13,6/9/2018 13:38,24.8
104,18029892,518 SOUTH AV,40.622303,-74.412438,HOTSPOT PTRL,6/9/2018 13:19,6/9/2018 13:37,18.42
106,18030136,100 EMERSON AV,40.6364,-74.410592,HOTSPOT PTRL,6/10/2018 16:41,6/10/2018 16:45,3.93
102,18031181,311 WEST FRONT ST,40.61729,-74.425759,HOTSPOT PTRL,6/16/2018 8:35,6/16/2018 9:08,32.9
102,18031898,600 PARK AV,40.615518,-74.418489,HOTSPOT PTRL,6/20/2018 7:27,6/20/2018 7:36,9.63
104,18032394,200 WATCHUNG AV,40.619441,-74.420948,HOTSPOT PTRL,6/23/2018 10:56,6/23/2018 11:23,26.48
104,18032409,100 EAST FRONT ST,40.618713,-74.42364,HOTSPOT PTRL,6/23/2018 12:37,6/23/2018 12:42,4.92
101,18033136,609 WEST 4TH ST,40.610671,-74.427575,HOTSPOT PTRL,6/27/2018 8:51,6/27/2018 9:13,22.2
102,18033162,600 PARK AV,40.615518,-74.418489,HOTSPOT PTRL,6/27/2018 11:53,6/27/2018 12:09,15.88
104,18033163,400 EAST FRONT ST,40.6233,-74.418876,HOTSPOT PTRL,6/27/2018 12:24,6/27/2018 12:41,16.47
104,18033871,300 EAST FRONT ST,40.621828,-74.420355,HOTSPOT PTRL,7/1/2018 11:28,7/1/2018 12:34,65.45
103,18034647,538 WEST 7TH ST,40.609464,-74.423818,HOTSPOT PTRL,7/5/2018 8:14,7/5/2018 8:22,8.57
106,18034652,933 EAST FRONT ST,40.63329,-74.41469,HOTSPOT PTRL,7/5/2018 8:33,7/5/2018 9:07,33.6
101,18035670,1521 SOUTH 2ND ST,40.59867,-74.449168,HOTSPOT PTRL,7/10/2018 8:45,7/10/2018 9:05,19.55
106,18035967,1001 EAST 2ND ST,40.632108,-74.410518,HOTSPOT PTRL,7/11/2018 14:54,7/11/2018 15:04,9.92
102,18036135,116 ELMWOOD PL,40.61392,-74.42924,HOTSPOT PTRL,7/12/2018 8:56,7/12/2018 8:57,0.6
102,18036341,116 ELMWOOD PL,40.61392,-74.42924,HOTSPOT PTRL,7/13/2018 10:38,7/13/2018 10:54,16.18
105,18036846,1172 STILFORD AV,40.60804,-74.404608,HOTSPOT PTRL,7/16/2018 14:10,7/16/2018 14:37,26.98
102,18037139,311 WEST FRONT ST,40.617024,-74.425833,HOTSPOT PTRL,7/18/2018 10:40,7/18/2018 10:52,11.87
103,18037148,515 WEST 7TH ST,40.610026,-74.422863,HOTSPOT PTRL,7/18/2018 11:07,7/18/2018 11:26,19.83
101,18037166,1521 SOUTH 2ND ST,40.59867,-74.449168,HOTSPOT PTRL,7/18/2018 12:35,7/18/2018 13:22,46.63
104,18037263,EAST 2ND ST & WATCHUNG AV,40.61957,-74.42101,PROACTIVE PTRL,7/18/2018 22:57,7/18/2018 23:02,5.07
104,18037307,200 EAST 4TH ST,40.618602,-74.418837,PROACTIVE PTRL,7/19/2018 3:37,7/19/2018 3:47,10.12
102,18037342,116 ELMWOOD PL,40.61392,-74.42924,HOTSPOT PTRL,7/19/2018 10:23,7/19/2018 10:42,18.17
106,18037347,705 SOUTH AV,40.624635,-74.409144,HOTSPOT PTRL,7/19/2018 10:39,7/19/2018 11:20,40.88
108,18037369,202 PARK AV,40.617934,-74.422629,HOTSPOT PTRL,7/19/2018 12:32,7/19/2018 12:52,19.9
102,18038943,311 WEST FRONT ST,40.617024,-74.425833,HOTSPOT PTRL,7/28/2018 8:29,7/28/2018 8:50,21.87
106,18038986,933 EAST FRONT ST,40.63329,-74.41469,HOTSPOT PTRL,7/28/2018 13:33,7/28/2018 13:54,21.22
103,18039010,950 PARK AV,40.611937,-74.412372,HOTSPOT PTRL,7/28/2018 16:16,7/28/2018 16:41,24.97
106,18039012,1002 EAST 2ND ST,40.632074,-74.4103,HOTSPOT PTRL,7/28/2018 16:19,7/28/2018 16:29,10.52
101,18039217,RUSHMORE AV & WEST 3RD ST,40.59914,-74.44603,HOTSPOT PTRL,7/29/2018 19:04,7/29/2018 19:22,17.32
102,18039310,311 WEST FRONT ST,40.617024,-74.425833,HOTSPOT PTRL,7/30/2018 11:21,7/30/2018 11:44,23.03
102,18039795,300 WEST FRONT ST,40.61729,-74.425759,HOTSPOT PTRL,8/1/2018 16:33,8/1/2018 16:53,19.75
101,18040971,WASHINGTON SCHOOL / 427 DARROW AV,40.606662,-74.430546,HOTSPOT PTRL,8/8/2018 8:34,8/8/2018 9:02,27.35
102,18041726,130 WEST FRONT ST,40.618187,-74.424488,HOTSPOT PTRL,8/12/2018 7:49,8/12/2018 8:17,27.9
102,18043069,215 WEST FRONT ST,40.617769,-74.424698,HOTSPOT PTRL,8/19/2018 16:26,8/19/2018 16:46,19.5
102,18043181,NEW ST & WEST FRONT ST,40.61611,-74.42735,HOTSPOT PTRL,8/20/2018 7:37,8/20/2018 7:48,11
103,18043191,538 WEST 7TH ST,40.609464,-74.423818,HOTSPOT PTRL,8/20/2018 8:45,8/20/2018 9:17,31.9
107,18043480,215 WEST FRONT ST,40.617769,-74.424698,HOTSPOT PTRL,8/21/2018 16:16,8/21/2018 16:32,15.98
104,18043591,111 EAST FRONT ST,40.618968,-74.423645,HOTSPOT PTRL,8/22/2018 8:12,8/22/2018 8:39,27.47
102,18043614,600 PARK AV,40.615518,-74.418489,HOTSPOT PTRL,8/22/2018 10:49,8/22/2018 11:06,17
103,18043628,600 WEST 7TH ST,40.609114,-74.42426,HOTSPOT PTRL,8/22/2018 11:44,8/22/2018 12:21,37.17
101,18043995,931 WEST 3RD ST,40.605221,-74.436387,HOTSPOT PTRL,8/24/2018 11:02,8/24/2018 11:19,17.52
102,18044479,130 WEST FRONT ST,40.618187,-74.424488,HOTSPOT PTRL,8/27/2018 7:56,8/27/2018 8:27,31.17
101,18044709,744 WEST 3RD ST,40.607683,-74.433102,HOTSPOT PTRL,8/28/2018 9:52,8/28/2018 10:13,20.98
102,18044906,130 WEST FRONT ST,40.618187,-74.424488,HOTSPOT PTRL,8/29/2018 9:24,8/29/2018 9:48,24.53
101,18044925,931 WEST 3RD ST,40.605221,-74.436387,HOTSPOT PTRL,8/29/2018 11:07,8/29/2018 11:20,13.65
101,18044939,506 CLINTON AV,40.598279,-74.439671,HOTSPOT PTRL,8/29/2018 12:03,8/29/2018 12:15,11.63
102,18045102,130 WEST FRONT ST,40.618187,-74.424488,HOTSPOT PTRL,8/30/2018 8:09,8/30/2018 8:21,11.88
106,18045538,305 EMERSON AV,40.634366,-74.406604,HOTSPOT PTRL,9/1/2018 14:58,9/1/2018 15:14,15.65
101,18046016,744 WEST 3RD ST,40.607683,-74.433102,HOTSPOT PTRL,9/4/2018 7:40,9/4/2018 8:02,22.87
106,18046078,330 TERRILL RD,40.636463,-74.395205,HOTSPOT PTRL,9/4/2018 12:09,9/4/2018 12:40,30.65
104,18046091,111 EAST FRONT ST,40.618968,-74.423645,HOTSPOT PTRL,9/4/2018 13:34,9/4/2018 13:57,22.7
101,18046275,931 WEST 3RD ST,40.605221,-74.436387,HOTSPOT PTRL,9/5/2018 10:29,9/5/2018 10:37,7.55
101,18046279,931 WEST 3RD ST,40.605221,-74.436387,HOTSPOT PTRL,9/5/2018 10:39,9/5/2018 10:52,12.8
106,18046299,961 EAST FRONT ST,40.63381,-74.41316,HOTSPOT PTRL,9/5/2018 12:37,9/5/2018 13:02,25.37
101,18046303,931 WEST 3RD ST,40.605221,-74.436387,HOTSPOT PTRL,9/5/2018 12:40,9/5/2018 12:44,4.15
106,18046689,LELAND GARDENS BLDG'S 1 TO 4 / 1227 EAST FRONT ST,40.63688,-74.41063,HOTSPOT PTRL,9/7/2018 7:35,9/7/2018 7:51,15.98
103,18047056,601 WEST 7TH ST,40.608965,-74.424157,HOTSPOT PTRL,9/9/2018 7:21,9/9/2018 8:10,48.72
106,18047061,1227 EAST FRONT ST,40.63688,-74.41063,HOTSPOT PTRL,9/9/2018 8:35,9/9/2018 9:06,31.1
102,18047075,600 PARK AV,40.615518,-74.418489,HOTSPOT PTRL,9/9/2018 10:38,9/9/2018 10:39,0.38
106,18047084,705 SOUTH AV,40.624635,-74.409144,HOTSPOT PTRL,9/9/2018 12:10,9/9/2018 12:24,13.62
106,18047278,305 EMERSON AV,40.634366,-74.406604,HOTSPOT PTRL,9/10/2018 15:36,9/10/2018 16:19,42.7
106,18047345,800 EAST FRONT ST,40.630582,-74.413748,HOTSPOT PTRL,9/11/2018 0:40,9/11/2018 0:59,18.57
101,18047651,300 RUSHMORE AV,40.598997,-74.446131,HOTSPOT PTRL,9/12/2018 11:35,9/12/2018 12:00,24.77
101,18047694,506 GRANT AV,40.605448,-74.431507,HOTSPOT PTRL,9/12/2018 15:08,9/12/2018 15:32,24.02
101,18047913,931 WEST 3RD ST,40.605221,-74.436387,HOTSPOT PTRL,9/13/2018 13:35,9/13/2018 13:54,18.28
106,18048058,961 EAST FRONT ST,40.63381,-74.41316,HOTSPOT PTRL,9/14/2018 8:35,9/14/2018 8:42,7.18
104,18048213,249 EAST FRONT ST,40.621492,-74.42098,HOTSPOT PTRL,9/14/2018 20:41,9/14/2018 20:43,1.25
101,18048262,311 WEST FRONT ST,40.617024,-74.425833,HOTSPOT PTRL,9/15/2018 0:29,9/15/2018 0:40,10.97
105,18048265,128 EAST 7TH ST,40.615777,-74.41656,HOTSPOT PTRL,9/15/2018 0:31,9/15/2018 0:46,15.07
106,18048595,1227 EAST FRONT ST,40.63688,-74.41063,HOTSPOT PTRL,9/16/2018 21:18,9/16/2018 21:18,0.62
106,18048641,837 EAST FRONT ST,40.63129,-74.41492,PROACTIVE PTRL,9/17/2018 3:00,9/17/2018 3:21,20.72
104,18048984,128 EAST 7TH ST,40.615777,-74.41656,PROACTIVE PTRL,9/18/2018 18:51,9/18/2018 18:55,3.22
104,18049219,315 EAST 5TH ST,40.619771,-74.415738,HOTSPOT PTRL,9/20/2018 2:10,9/20/2018 2:31,20.85
103,18049243,1300 GRANT AV,40.599382,-74.424902,HOTSPOT PTRL,9/20/2018 8:48,9/20/2018 9:11,23.1
103,18049306,1315 GRANT AV,40.598942,-74.424629,HOTSPOT PTRL,9/20/2018 13:56,9/20/2018 14:16,19.77
105,18049715,248 EAST 9TH ST,40.616682,-74.412557,HOTSPOT PTRL,9/22/2018 7:41,9/22/2018 8:14,32.93
101,18049749,427 DARROW AV,40.606662,-74.430546,HOTSPOT PTRL,9/22/2018 10:25,9/22/2018 10:48,22.63
105,18049769,248 EAST 9TH ST,40.616682,-74.412557,HOTSPOT PTRL,9/22/2018 12:01,9/22/2018 12:19,17.9
102,18050298,130 WEST FRONT ST,40.618187,-74.424488,HOTSPOT PTRL,9/25/2018 1:49,9/25/2018 2:02,12.68
101,18050468,700 WEST 3RD ST,40.608822,-74.431786,HOTSPOT PTRL,9/26/2018 6:12,9/26/2018 6:27,15.1
106,18050509,1200 EAST FRONT ST,40.635808,-74.410998,HOTSPOT PTRL,9/26/2018 10:18,9/26/2018 10:40,22.08
101,18050624,700 WEST 3RD ST,40.608822,-74.431786,HOTSPOT PTRL,9/26/2018 20:41,9/26/2018 21:10,28.1
102,18051653,130 WEST FRONT ST,40.618187,-74.424488,HOTSPOT PTRL,10/1/2018 22:55,10/1/2018 23:28,33.23
130,18051653,130 WEST FRONT ST,40.618187,-74.424488,HOTSPOT PTRL,10/1/2018 22:55,10/1/2018 23:28,33.23
106,18051999,836 EAST FRONT ST,40.631322,-74.413395,HOTSPOT PTRL,10/3/2018 22:23,10/3/2018 22:28,4.83
106,18052333,839 EAST FRONT ST,40.63153,-74.41512,HOTSPOT PTRL,10/5/2018 21:27,10/5/2018 21:28,0.62
106,18052387,705 SOUTH AV,40.624635,-74.409144,HOTSPOT PTRL,10/6/2018 8:15,10/6/2018 8:32,17.3
102,18052389,130 WEST FRONT ST,40.618187,-74.424488,HOTSPOT PTRL,10/6/2018 8:18,10/6/2018 8:37,18.88
102,18052402,600 PARK AV,40.615518,-74.418489,HOTSPOT PTRL,10/6/2018 9:37,10/6/2018 9:45,8.27
103,18052409,950 PARK AV,40.611937,-74.412372,HOTSPOT PTRL,10/6/2018 9:54,10/6/2018 10:26,32.1
101,18052415,200 MUHLENBERG PL,40.609789,-74.431789,HOTSPOT PTRL,10/6/2018 10:17,10/6/2018 10:30,12.72
106,18052424,1227 EAST FRONT ST,40.63688,-74.41063,HOTSPOT PTRL,10/6/2018 11:17,10/6/2018 11:34,16.43
101,18052427,900 WEST 3RD ST,40.606133,-74.43531,HOTSPOT PTRL,10/6/2018 11:29,10/6/2018 11:45,15.75
101,18052782,921 WEST 5TH ST,40.60397,-74.433534,HOTSPOT PTRL,10/8/2018 11:02,10/8/2018 11:24,21.4
103,18052784,1315 GRANT AV,40.598942,-74.424629,HOTSPOT PTRL,10/8/2018 11:08,10/8/2018 11:25,16.98
107,18052786,700 WEST 3RD ST,40.608822,-74.431786,HOTSPOT PTRL,10/8/2018 11:15,10/8/2018 11:25,9.92
107,18053014,130 WEST FRONT ST,40.618187,-74.424488,HOTSPOT PTRL,10/9/2018 12:58,10/9/2018 13:30,32.05
101,18053330,200 POND PL,40.605443,-74.438583,HOTSPOT PTRL,10/10/2018 20:32,10/10/2018 20:39,6.77
104,18053345,111 EAST FRONT ST,40.618968,-74.423645,HOTSPOT PTRL,10/10/2018 21:33,10/10/2018 21:44,10.42
101,18053361,700 WEST 4TH ST,40.608181,-74.430726,HOTSPOT PTRL,10/10/2018 22:34,10/10/2018 22:35,1.37
104,18053509,CHURCH ST & EAST 2ND ST,40.62035,-74.42018,HOTSPOT PTRL,10/11/2018 20:34,10/11/2018 20:48,13.83
106,18053822,1346 EAST 2ND ST,40.638286,-74.405701,HOTSPOT PTRL,10/13/2018 7:41,10/13/2018 8:07,26.38
102,18054007,NEW ST & WEST FRONT ST,40.61611,-74.42735,HOTSPOT PTRL,10/14/2018 7:51,10/14/2018 8:08,16.9
106,18054008,961 EAST FRONT ST,40.63381,-74.41316,HOTSPOT PTRL,10/14/2018 8:03,10/14/2018 9:21,77.27
101,18054014,921 WEST 5TH ST,40.60397,-74.433534,HOTSPOT PTRL,10/14/2018 8:54,10/14/2018 9:12,18.07
107,18054031,NEW ST & WEST FRONT ST,40.61611,-74.42735,HOTSPOT PTRL,10/14/2018 11:31,10/14/2018 12:09,37.67
103,18054039,950 PARK AV,40.611937,-74.412372,HOTSPOT PTRL,10/14/2018 12:20,10/14/2018 13:10,50.9
104,18054052,111 EAST FRONT ST,40.618968,-74.423645,HOTSPOT PTRL,10/14/2018 13:17,10/14/2018 13:23,5.72
103,18054180,1315 GRANT AV,40.598942,-74.424629,HOTSPOT PTRL,10/15/2018 9:50,10/15/2018 10:33,43.3
101,18054188,1810 WEST FRONT ST,40.596166,-74.456544,HOTSPOT PTRL,10/15/2018 10:48,10/15/2018 10:51,3
101,18054212,200 MUHLENBERG PL,40.609789,-74.431789,HOTSPOT PTRL,10/15/2018 13:14,10/15/2018 13:38,24.32
106,18054244,1346 EAST 2ND ST,40.638286,-74.405701,HOTSPOT PTRL,10/15/2018 16:00,10/15/2018 16:02,1.43
103,18054361,600 PARK AV,40.615518,-74.418489,HOTSPOT PTRL,10/16/2018 10:09,10/16/2018 10:26,16.82
101,18054365,744 WEST 3RD ST,40.607683,-74.433102,HOTSPOT PTRL,10/16/2018 10:16,10/16/2018 10:36,19.6
102,18054568,130 WEST FRONT ST,40.618187,-74.424488,HOTSPOT PTRL,10/17/2018 7:51,10/17/2018 8:23,32.23
103,18054588,1315 GRANT AV,40.598942,-74.424629,HOTSPOT PTRL,10/17/2018 9:11,10/17/2018 9:26,14.57
104,18054926,111 EAST FRONT ST,40.618968,-74.423645,HOTSPOT PTRL,10/18/2018 21:36,10/18/2018 21:52,15.83
101,18055084,200 POND PL,40.605443,-74.438583,PROACTIVE PTRL,10/19/2018 18:07,10/19/2018 18:20,12.92
102,18055501,215 WEST FRONT ST,40.617769,-74.424698,HOTSPOT PTRL,10/22/2018 7:42,10/22/2018 8:11,28.98
101,18055529,1810 WEST FRONT ST,40.596166,-74.456544,HOTSPOT PTRL,10/22/2018 10:04,10/22/2018 10:22,17.42
102,18055535,600 PARK AV,40.615518,-74.418489,HOTSPOT PTRL,10/22/2018 10:46,10/22/2018 11:42,55.97
103,18055704,538 WEST 7TH ST,40.609464,-74.423818,HOTSPOT PTRL,10/23/2018 9:18,10/23/2018 9:42,23.53
108,18055732,1147 SOUTH AV,40.629917,-74.400891,HOTSPOT PTRL,10/23/2018 11:54,10/23/2018 12:06,12.12
102,18055910,215 WEST FRONT ST,40.617769,-74.424698,HOTSPOT PTRL,10/24/2018 9:39,10/24/2018 10:12,32.55
101,18055912,1810 WEST FRONT ST,40.596166,-74.456544,HOTSPOT PTRL,10/24/2018 9:57,10/24/2018 10:18,21.35
103,18055938,1315 GRANT AV,40.598942,-74.424629,HOTSPOT PTRL,10/24/2018 11:50,10/24/2018 11:52,2.17
101,18055944,744 WEST 3RD ST,40.607683,-74.433102,HOTSPOT PTRL,10/24/2018 12:03,10/24/2018 12:24,21.53
103,18056445,950 PARK AV,40.611937,-74.412372,HOTSPOT PTRL,10/27/2018 8:15,10/27/2018 8:47,31.92
106,18056446,839 GEORGE ST,40.629319,-74.409123,HOTSPOT PTRL,10/27/2018 8:17,10/27/2018 8:44,27.83
101,18057027,1810 WEST FRONT ST,40.596166,-74.456544,HOTSPOT PTRL,10/30/2018 11:15,10/30/2018 11:29,14.87
101,18057503,700 WEST 4TH ST,40.608181,-74.430726,HOTSPOT PTRL,11/1/2018 11:19,11/1/2018 11:35,16.03
101,18057721,1810 WEST FRONT ST,40.596166,-74.456544,HOTSPOT PTRL,11/2/2018 9:29,11/2/2018 9:50,21.23
101,18057752,744 WEST 3RD ST,40.607683,-74.433102,HOTSPOT PTRL,11/2/2018 11:38,11/2/2018 12:00,21.43
101,18057845,740 WEST 7TH ST,40.605278,-74.428879,HOTSPOT PTRL,11/2/2018 20:45,11/2/2018 21:04,19.93
101,18058037,700 WEST FRONT ST,40.610951,-74.434416,HOTSPOT PTRL,11/3/2018 21:44,11/3/2018 21:57,13.72
101,18058044,740 WEST 7TH ST,40.605278,-74.428879,HOTSPOT PTRL,11/3/2018 22:24,11/3/2018 22:34,10.65
103,18058158,950 PARK AV,40.611937,-74.412372,HOTSPOT PTRL,11/4/2018 14:56,11/4/2018 15:10,14.8
106,18058634,900 EAST FRONT ST,40.632226,-74.412959,PROACTIVE PTRL,11/7/2018 7:45,11/7/2018 8:06,21.05
104,18058635,111 EAST FRONT ST,40.618968,-74.423645,HOTSPOT PTRL,11/7/2018 7:56,11/7/2018 8:09,13.08
101,18058650,700 WEST 3RD ST,40.608822,-74.431786,HOTSPOT PTRL,11/7/2018 9:48,11/7/2018 10:29,40.43
101,18058681,744 WEST 3RD ST,40.607683,-74.433102,HOTSPOT PTRL,11/7/2018 12:18,11/7/2018 12:25,6.43
106,18058682,800 GEORGE ST,40.628329,-74.410319,HOTSPOT PTRL,11/7/2018 12:21,11/7/2018 12:37,16.23
101,18058909,1810 WEST FRONT ST,40.596166,-74.456544,HOTSPOT PTRL,11/8/2018 11:14,11/8/2018 11:20,5.97
101,18058971,700 WEST 4TH ST,40.608181,-74.430726,HOTSPOT PTRL,11/8/2018 16:33,11/8/2018 16:41,8.7
103,18059340,538 WEST 7TH ST,40.609464,-74.423818,HOTSPOT PTRL,11/10/2018 10:45,11/10/2018 11:05,19.65
103,18059523,950 PARK AV,40.611937,-74.412372,HOTSPOT PTRL,11/11/2018 12:40,11/11/2018 12:54,14
101,18060231,740 WEST 7TH ST,40.605278,-74.428879,PROACTIVE PTRL,11/16/2018 0:19,11/16/2018 0:35,16.33
101,18060297,1810 WEST FRONT ST,40.596166,-74.456544,HOTSPOT PTRL,11/16/2018 12:32,11/16/2018 12:43,11.42
101,18060443,100 WAYNEWOOD PRK,40.611937,-74.432965,HOTSPOT PTRL,11/17/2018 1:05,11/17/2018 1:24,18.8
104,18060496,200 EAST FRONT ST,40.620206,-74.422044,HOTSPOT PTRL,11/17/2018 9:40,11/17/2018 9:44,4.27
105,18060900,750 WEBSTER PL,40.621273,-74.407101,HOTSPOT PTRL,11/19/2018 13:55,11/19/2018 14:09,14
106,18061027,LELAND GARDENS BLDG'S 1 TO 4 / 1227 EAST FRONT ST,40.63688,-74.41063,HOTSPOT PTRL,11/20/2018 2:03,11/20/2018 2:20,16.08
105,18061124,248 EAST 9TH ST,40.616682,-74.412557,HOTSPOT PTRL,11/20/2018 16:00,11/20/2018 16:03,2.88
104,18061224,111 EAST FRONT ST,40.618968,-74.423645,HOTSPOT PTRL,11/21/2018 3:15,11/21/2018 3:30,14.83
104,18061360,111 EAST FRONT ST,40.618968,-74.423645,HOTSPOT PTRL,11/21/2018 21:58,11/21/2018 22:06,8.13
104,18061372,128 EAST FRONT ST,40.619097,-74.423226,PROACTIVE PTRL,11/21/2018 22:54,11/21/2018 23:02,7.77
104,18061398,200 EAST FRONT ST,40.620206,-74.422044,HOTSPOT PTRL,11/22/2018 1:40,11/22/2018 1:50,10.28
104,18061520,111 EAST FRONT ST,40.618968,-74.423645,HOTSPOT PTRL,11/23/2018 0:03,11/23/2018 0:19,15.7
101,18061553,1314 WEST FRONT ST,40.602471,-74.446771,HOTSPOT PTRL,11/23/2018 7:28,11/23/2018 7:51,22.3
105,18061743,248 EAST 9TH ST,40.616682,-74.412557,HOTSPOT PTRL,11/24/2018 10:51,11/24/2018 11:23,31.4
101,18061757,1314 WEST FRONT ST,40.602471,-74.446771,HOTSPOT PTRL,11/24/2018 12:06,11/24/2018 12:33,27.23
104,18061758,111 EAST FRONT ST,40.618968,-74.423645,HOTSPOT PTRL,11/24/2018 12:10,11/24/2018 13:25,74.88
119,18061758,111 EAST FRONT ST,40.618968,-74.423645,HOTSPOT PTRL,11/24/2018 12:10,11/24/2018 13:25,74.88
101,18061945,700 WEST 4TH ST,40.608181,-74.430726,HOTSPOT PTRL,11/25/2018 15:18,11/25/2018 15:39,21.08
103,18062377,1032 MADISON AV,40.605358,-74.415104,HOTSPOT PTRL,11/28/2018 0:14,11/28/2018 0:31,16.4
101,18062398,DARROW AV & WEST 7TH ST,40.60542,-74.42859,HOTSPOT PTRL,11/28/2018 3:09,11/28/2018 4:14,64.58
101,18062539,DARROW AV & WEST 7TH ST,40.60542,-74.42859,HOTSPOT PTRL,11/28/2018 23:38,11/28/2018 23:55,17.18
103,18062818,100 NEW ST,40.615976,-74.427311,HOTSPOT PTRL,11/30/2018 16:04,11/30/2018 16:16,12.37
106,18062954,1227 EAST FRONT ST,40.63688,-74.41063,HOTSPOT PTRL,12/1/2018 10:49,12/1/2018 11:09,20.33
103,18062956,DARROW AV & WEST 7TH ST,40.60542,-74.42859,HOTSPOT PTRL,12/1/2018 10:58,12/1/2018 11:29,30.78
104,18062998,100 EAST 2ND ST,40.61811,-74.422532,HOTSPOT PTRL,12/1/2018 16:29,12/1/2018 16:31,2.48
106,18063922,1227 EAST FRONT ST,40.63688,-74.41063,HOTSPOT PTRL,12/7/2018 2:11,12/7/2018 2:28,16.68
106,18063962,337 JOHNSTON AV,40.62865,-74.406866,HOTSPOT PTRL,12/7/2018 11:18,12/7/2018 11:52,34.1
104,18064702,519 NORTH AV,40.623346,-74.414307,HOTSPOT PTRL,12/11/2018 9:30,12/11/2018 9:52,21.7
104,18064968,519 NORTH AV,40.623346,-74.414307,HOTSPOT PTRL,12/12/2018 10:04,12/12/2018 10:25,21
102,18065863,215 WEST FRONT ST,40.617769,-74.424698,HOTSPOT PTRL,12/17/2018 7:41,12/17/2018 8:04,22.32
101,18065872,427 DARROW AV,40.606662,-74.430546,HOTSPOT PTRL,12/17/2018 9:02,12/17/2018 9:21,19.47
101,18065885,700 WEST 4TH ST,40.608181,-74.430726,HOTSPOT PTRL,12/17/2018 10:26,12/17/2018 10:35,8.25
101,18066711,427 DARROW AV,40.606662,-74.430546,PROACTIVE PTRL,12/21/2018 15:19,12/21/2018 15:38,18.98
101,18066832,700 WEST 4TH ST,40.608181,-74.430726,HOTSPOT PTRL,12/22/2018 7:25,12/22/2018 7:42,16.5
104,18067181,108 CHURCH ST,40.620761,-74.421174,HOTSPOT PTRL,12/24/2018 9:54,12/24/2018 10:10,16.72
104,18067249,200 EAST FRONT ST,40.620206,-74.422044,PROACTIVE PTRL,12/24/2018 17:53,12/24/2018 18:02,9.73
104,18067353,519 NORTH AV,40.623346,-74.414307,HOTSPOT PTRL,12/25/2018 9:43,12/25/2018 10:15,32.7
106,18067380,961 EAST FRONT ST,40.63381,-74.41316,HOTSPOT PTRL,12/25/2018 13:52,12/25/2018 14:19,26.85
102,18067791,600 WEST 4TH ST,40.611011,-74.427476,HOTSPOT PTRL,12/28/2018 8:52,12/28/2018 9:23,30.4
106,19000187,900 EAST FRONT ST,40.632226,-74.412959,HOTSPOT PTRL,1/2/2019 10:24,1/2/2019 11:07,43.32
106,19000421,1227 EAST FRONT ST,40.63688,-74.41063,HOTSPOT PTRL,1/3/2019 12:06,1/3/2019 12:29,23.17
106,19000627,664 SOUTH AV,40.624255,-74.4094,HOTSPOT PTRL,1/4/2019 8:20,1/4/2019 8:51,31.17
106,19000646,1147 SOUTH AV,40.629787,-74.401098,HOTSPOT PTRL,1/4/2019 9:55,1/4/2019 9:59,4.62
106,19000694,1147 SOUTH AV,40.629917,-74.400891,HOTSPOT PTRL,1/4/2019 12:36,1/4/2019 13:04,28.02
108,19000908,961 EAST FRONT ST,40.63381,-74.41316,HOTSPOT PTRL,1/5/2019 11:19,1/5/2019 11:23,3.8
102,19001782,215 WEST FRONT ST,40.617769,-74.424698,HOTSPOT PTRL,1/10/2019 7:48,1/10/2019 8:23,35.77
105,19001788,248 EAST 9TH ST,40.616682,-74.412557,HOTSPOT PTRL,1/10/2019 8:49,1/10/2019 9:06,16.7
101,19001801,219 POND PL,40.605177,-74.437985,HOTSPOT PTRL,1/10/2019 9:55,1/10/2019 10:33,37.67
105,19002102,248 EAST 9TH ST,40.616682,-74.412557,HOTSPOT PTRL,1/11/2019 11:17,1/11/2019 11:31,13.43
105,19002554,1305 MARLBOROUGH AV,40.61053,-74.40343,HOTSPOT PTRL,1/13/2019 8:38,1/13/2019 8:51,12.82
101,19002574,631 SOUTH 2ND ST,40.61129,-74.430387,HOTSPOT PTRL,1/13/2019 10:55,1/13/2019 11:17,21.27
104,19002952,200 EAST FRONT ST,40.620206,-74.422044,HOTSPOT PTRL,1/15/2019 1:34,1/15/2019 1:39,5.82
104,19003154,200 EAST FRONT ST,40.620206,-74.422044,HOTSPOT PTRL,1/16/2019 0:05,1/16/2019 0:16,11.52
104,19003450,108 CHURCH ST,40.620761,-74.421174,HOTSPOT PTRL,1/17/2019 14:08,1/17/2019 14:32,24.15
103,19003596,1211 KENYON AV,40.60043,-74.413447,HOTSPOT PTRL,1/18/2019 10:07,1/18/2019 10:15,8.62
103,19003872,538 WEST 7TH ST,40.609464,-74.423818,HOTSPOT PTRL,1/19/2019 13:58,1/19/2019 14:11,12.73
104,19004088,108 CHURCH ST,40.620761,-74.421174,HOTSPOT PTRL,1/20/2019 15:37,1/20/2019 16:00,23.33
103,19004090,950 PARK AV,40.611937,-74.412372,HOTSPOT PTRL,1/20/2019 15:45,1/20/2019 16:01,16.35
104,19004755,108 CHURCH ST,40.620761,-74.421174,HOTSPOT PTRL,1/23/2019 12:12,1/23/2019 12:13,0.32
103,19005185,601 WEST 7TH ST,40.608965,-74.424157,HOTSPOT PTRL,1/25/2019 14:21,1/25/2019 14:44,23.23
103,19005967,950 PARK AV,40.611937,-74.412372,HOTSPOT PTRL,1/29/2019 9:38,1/29/2019 9:53,15.42
109,19005986,961 EAST FRONT ST,40.63381,-74.41316,HOTSPOT PTRL,1/29/2019 10:44,1/29/2019 10:55,11.3
104,19006251,108 CHURCH ST,40.620761,-74.421174,HOTSPOT PTRL,1/30/2019 14:06,1/30/2019 14:09,2.17
102,19006375,100 NEW ST,40.615976,-74.427311,PROACTIVE PTRL,1/31/2019 2:58,1/31/2019 3:05,7.62
101,19006588,400 DARROW AV,40.607015,-74.431509,HOTSPOT PTRL,2/1/2019 7:52,2/1/2019 8:00,8.02
101,19006743,218 POND PL,40.60509,-74.438172,HOTSPOT PTRL,2/2/2019 7:40,2/2/2019 7:50,10.42
104,19006913,108 CHURCH ST,40.620761,-74.421174,HOTSPOT PTRL,2/3/2019 8:36,2/3/2019 8:49,12.83
104,19007530,200 EAST FRONT ST,40.620206,-74.422044,HOTSPOT PTRL,2/6/2019 8:24,2/6/2019 8:40,16.67
102,19007849,215 WEST FRONT ST,40.617769,-74.424698,HOTSPOT PTRL,2/7/2019 15:11,2/7/2019 15:37,26.85
102,19007984,130 WEST FRONT ST,40.618187,-74.424488,HOTSPOT PTRL,2/8/2019 10:30,2/8/2019 10:33,2.83
102,19008219,215 WEST FRONT ST,40.617769,-74.424698,PROACTIVE PTRL,2/9/2019 14:08,2/9/2019 14:19,11.22
106,19008550,961 EAST FRONT ST,40.63381,-74.41316,HOTSPOT PTRL,2/11/2019 10:30,2/11/2019 10:39,9.02
106,19008771,1147 SOUTH AV,40.629917,-74.400891,HOTSPOT PTRL,2/12/2019 8:28,2/12/2019 8:43,15.07
107,19008790,123 EAST 4TH ST,40.61741,-74.42018,HOTSPOT PTRL,2/12/2019 10:01,2/12/2019 10:04,2.32
104,19009681,200 EAST FRONT ST,40.620206,-74.422044,HOTSPOT PTRL,2/16/2019 12:20,2/16/2019 12:37,16.98
103,19009876,950 PARK AV,40.611937,-74.412372,HOTSPOT PTRL,2/17/2019 10:10,2/17/2019 10:42,31.98
107,19010076,427 DARROW AV,40.606662,-74.430546,HOTSPOT PTRL,2/18/2019 14:14,2/18/2019 14:29,15.15
107,19010255,315 WEST FRONT ST,40.616972,-74.425911,HOTSPOT PTRL,2/19/2019 11:47,2/19/2019 11:56,9.07
107,19010284,1355 WEST FRONT ST,40.601492,-74.447954,HOTSPOT PTRL,2/19/2019 13:50,2/19/2019 14:07,16.55
107,19010840,1355 WEST FRONT ST,40.601492,-74.447954,HOTSPOT PTRL,2/22/2019 10:11,2/22/2019 10:42,31.02
107,19010878,LIBERTY ST & WEST FRONT ST,40.61506,-74.42898,HOTSPOT PTRL,2/22/2019 12:57,2/22/2019 13:18,20.72
106,19010882,752 EAST 2ND ST,40.628617,-74.412661,HOTSPOT PTRL,2/22/2019 13:35,2/22/2019 13:45,9.72
106,19011027,1147 SOUTH AV,40.629917,-74.400891,HOTSPOT PTRL,2/23/2019 7:54,2/23/2019 8:10,16.57
106,19011037,720 RICHMOND ST,40.620219,-74.411367,HOTSPOT PTRL,2/23/2019 9:14,2/23/2019 9:29,15.02
103,19011236,950 PARK AV,40.611937,-74.412372,HOTSPOT PTRL,2/24/2019 12:45,2/24/2019 12:58,13.65
103,19011248,800 HOBERT AV,40.600767,-74.430442,HOTSPOT PTRL,2/24/2019 14:09,2/24/2019 14:25,15.92
104,19011299,111 EAST FRONT ST,40.618968,-74.423645,HOTSPOT PTRL,2/24/2019 19:05,2/24/2019 19:16,10.92
102,19011845,130 WEST FRONT ST,40.618187,-74.424488,HOTSPOT PTRL,2/27/2019 8:54,2/27/2019 9:10,16.27
101,19012306,921 WEST 5TH ST,40.60397,-74.433534,PROACTIVE PTRL,3/1/2019 16:16,3/1/2019 16:31,15.45
106,19012453,1147 SOUTH AV,40.629917,-74.400891,HOTSPOT PTRL,3/2/2019 9:53,3/2/2019 10:09,16.33
103,19012612,950 PARK AV,40.611937,-74.412372,PROACTIVE PTRL,3/3/2019 8:04,3/3/2019 8:20,16.5
106,19012633,1147 SOUTH AV,40.629917,-74.400891,HOTSPOT PTRL,3/3/2019 10:18,3/3/2019 10:26,7.9
105,19012699,316 FRANKLIN PL,40.617927,-74.412649,HOTSPOT PTRL,3/3/2019 17:58,3/3/2019 18:24,26.35
102,19012712,300 LIBERTY ST,40.613226,-74.426383,HOTSPOT PTRL,3/3/2019 18:45,3/3/2019 18:53,8.27
105,19012864,249 EAST 9TH ST,40.616708,-74.412776,HOTSPOT PTRL,3/4/2019 19:35,3/4/2019 19:47,11.62
102,19012881,551 WEST FRONT ST,40.61373,-74.430816,HOTSPOT PTRL,3/4/2019 21:09,3/4/2019 21:16,7.18
101,19013630,400 PRESCOTT PL,40.603816,-74.435402,HOTSPOT PTRL,3/8/2019 13:25,3/8/2019 13:41,15.45
101,19014686,1350 MYRTLE AV,40.603496,-74.449291,HOTSPOT PTRL,3/14/2019 14:20,3/14/2019 14:52,32.27
101,19014826,1350 MYRTLE AV,40.603496,-74.449291,HOTSPOT PTRL,3/15/2019 11:37,3/15/2019 11:40,3.1
104,19015014,111 EAST FRONT ST,40.618968,-74.423645,HOTSPOT PTRL,3/16/2019 3:33,3/16/2019 3:49,16.25
105,19015019,800 3RD PL,40.614451,-74.415046,HOTSPOT PTRL,3/16/2019 7:25,3/16/2019 7:45,19.25
101,19015391,921 WEST 5TH ST,40.60397,-74.433534,HOTSPOT PTRL,3/18/2019 10:41,3/18/2019 10:51,10.1
101,19015508,921 WEST 5TH ST,40.60377,-74.433763,HOTSPOT PTRL,3/19/2019 7:28,3/19/2019 7:44,15.45
102,19015663,215 WEST FRONT ST,40.617769,-74.424698,HOTSPOT PTRL,3/20/2019 0:36,3/20/2019 0:47,10.45
101,19015913,921 WEST 5TH ST,40.60397,-74.433534,HOTSPOT PTRL,3/21/2019 7:26,3/21/2019 7:57,30.82
101,19016482,1810 WEST FRONT ST,40.596166,-74.456544,HOTSPOT PTRL,3/24/2019 16:18,3/24/2019 16:37,18.62
101,19016590,312 BERGEN ST,40.60125,-74.441335,HOTSPOT PTRL,3/25/2019 8:51,3/25/2019 9:08,16.83
105,19016604,908 CARNEGIE AV,40.616866,-74.411151,PROACTIVE PTRL,3/25/2019 10:03,3/25/2019 10:20,17.63
104,19016773,108 CHURCH ST,40.620761,-74.421174,HOTSPOT PTRL,3/26/2019 7:56,3/26/2019 8:10,14.63
104,19017146,111 EAST FRONT ST,40.618968,-74.423645,HOTSPOT PTRL,3/28/2019 10:47,3/28/2019 11:05,17.75
103,19017714,950 PARK AV,40.611937,-74.412372,HOTSPOT PTRL,3/31/2019 9:18,3/31/2019 10:06,47.87
153,19017727,900 PARK AV,40.613058,-74.414281,HOTSPOT PTRL,3/31/2019 10:56,3/31/2019 11:08,11.95
106,19017881,839 GEORGE ST,40.629319,-74.409123,HOTSPOT PTRL,4/1/2019 8:16,4/1/2019 8:26,9.82
101,19017894,227 GRANT AV,40.607453,-74.433813,HOTSPOT PTRL,4/1/2019 9:25,4/1/2019 9:27,2.13
105,19017926,248 EAST 9TH ST,40.616682,-74.412557,HOTSPOT PTRL,4/1/2019 12:14,4/1/2019 12:29,15.88
106,19018096,200 EAST FRONT ST,40.620206,-74.422044,PROACTIVE PTRL,4/2/2019 1:58,4/2/2019 2:48,49.77
106,19018372,839 GEORGE ST,40.629319,-74.409123,HOTSPOT PTRL,4/3/2019 8:48,4/3/2019 9:23,34.7
103,19018373,939 BEECHWOOD CT,40.606299,-74.419809,HOTSPOT PTRL,4/3/2019 9:23,4/3/2019 9:47,23.47
101,19018835,227 GRANT AV,40.607453,-74.433813,HOTSPOT PTRL,4/5/2019 17:40,4/5/2019 17:46,5.78
104,19018934,111 EAST FRONT ST,40.618968,-74.423645,HOTSPOT PTRL,4/6/2019 8:48,4/6/2019 9:13,25.83
104,19019212,200 EAST FRONT ST,40.620206,-74.422044,HOTSPOT PTRL,4/7/2019 17:08,4/7/2019 17:19,11.33
104,19019726,200 EAST 2ND ST,40.619603,-74.420834,HOTSPOT PTRL,4/10/2019 9:19,4/10/2019 9:26,7.67
104,19019811,200 EAST FRONT ST,40.620206,-74.422044,HOTSPOT PTRL,4/10/2019 16:17,4/10/2019 16:38,21.78
101,19019978,755 WEST FRONT ST,40.609476,-74.435804,HOTSPOT PTRL,4/11/2019 11:10,4/11/2019 11:21,11.6
101,19019989,PRESCOTT PL & WEST 3RD ST,40.60507,-74.43678,HOTSPOT PTRL,4/11/2019 11:44,4/11/2019 12:24,39.92
110,19020353,700 WEST 4TH ST,40.608181,-74.430726,HOTSPOT PTRL,4/13/2019 1:27,4/13/2019 1:33,5.95
108,19020960,109 NORTH AV,40.617994,-74.421957,HOTSPOT PTRL,4/16/2019 0:20,4/16/2019 0:28,7.82
101,19020987,227 GRANT AV,40.607453,-74.433813,HOTSPOT PTRL,4/16/2019 7:47,4/16/2019 8:07,20
101,19022719,200 MUHLENBERG PL,40.609789,-74.431789,HOTSPOT PTRL,4/24/2019 7:07,4/24/2019 7:21,13.18
106,19022970,143 JOHNSTON AV,40.631206,-74.41129,HOTSPOT PTRL,4/25/2019 7:31,4/25/2019 7:52,20.97
101,19023179,755 WEST FRONT ST,40.609476,-74.435804,HOTSPOT PTRL,4/26/2019 7:14,4/26/2019 7:31,16.65
101,19023472,200 MUHLENBERG PL,40.609789,-74.431789,HOTSPOT PTRL,4/27/2019 8:34,4/27/2019 8:49,15.55
106,19023718,143 JOHNSTON AV,40.631206,-74.41129,HOTSPOT PTRL,4/28/2019 12:25,4/28/2019 12:41,15.9
101,19026835,MUHLENBERG PL & WEST 3RD ST,40.60991,-74.43042,HOTSPOT PTRL,5/13/2019 7:42,5/13/2019 7:59,17.2
101,19026863,755 WEST FRONT ST,40.609476,-74.435804,HOTSPOT PTRL,5/13/2019 10:13,5/13/2019 10:19,6.38
102,19026891,130 WEST FRONT ST,40.618187,-74.424488,HOTSPOT PTRL,5/13/2019 13:20,5/13/2019 13:45,24.9
110,19027486,248 EAST 9TH ST,40.616682,-74.412557,PROACTIVE PTRL,5/16/2019 3:02,5/16/2019 3:08,6
105,19028153,346 FRANKLIN PL,40.619005,-74.412876,HOTSPOT PTRL,5/19/2019 7:59,5/19/2019 8:19,19.28
102,19030524,311 WEST FRONT ST,40.617024,-74.425833,HOTSPOT PTRL,5/30/2019 10:52,5/30/2019 11:22,30.2
101,19034386,926 WEST 3RD ST,40.605461,-74.436357,HOTSPOT PTRL,6/19/2019 10:35,6/19/2019 10:57,22.15
103,19035923,821 CENTRAL AV,40.610994,-74.417834,HOTSPOT PTRL,6/27/2019 7:13,6/27/2019 7:30,17.27
103,19036210,120 RANDOLPH RD,40.606995,-74.410631,HOTSPOT PTRL,6/28/2019 10:45,6/28/2019 10:49,4.25
103,19036487,716 FIELD AV,40.610691,-74.421134,HOTSPOT PTRL,6/29/2019 9:33,6/29/2019 9:39,6.33
106,19037055,1035 SOUTH AV,40.628681,-74.402855,PROACTIVE PTRL,7/1/2019 14:39,7/1/2019 15:01,21.77
103,19038310,421 PARKSIDE RD,40.601768,-74.417319,HOTSPOT PTRL,7/8/2019 7:43,7/8/2019 8:00,16.58
101,19038767,686 WEST FRONT ST,40.611155,-74.434186,HOTSPOT PTRL,7/10/2019 20:09,7/10/2019 20:18,8.98
101,19038802,300 LIBERTY ST,40.613226,-74.426383,HOTSPOT PTRL,7/10/2019 22:37,7/10/2019 22:44,7
103,19039600,412 PARKSIDE RD,40.601943,-74.416967,PROACTIVE PTRL,7/15/2019 7:26,7/15/2019 7:37,11.17
101,19039601,921 WEST 5TH ST,40.60397,-74.433534,HOTSPOT PTRL,7/15/2019 7:27,7/15/2019 7:47,20.18
101,19039819,744 WEST 3RD ST,40.607683,-74.433102,HOTSPOT PTRL,7/16/2019 7:43,7/16/2019 8:04,20.98
101,19039834,1350 MYRTLE AV,40.603496,-74.449291,HOTSPOT PTRL,7/16/2019 10:00,7/16/2019 10:24,23.58
104,19040020,510 EAST FRONT ST,40.62486,-74.41742,HOTSPOT PTRL,7/17/2019 8:13,7/17/2019 8:35,21.97
106,19040220,337 JOHNSTON AV,40.62865,-74.406866,PROACTIVE PTRL,7/18/2019 11:44,7/18/2019 11:54,10.25
103,19044864,LARAMIE RD,,,HOTSPOT PTRL,8/9/2019 11:58,8/9/2019 12:15,17.87
102,19045665,311 WEST FRONT ST,40.617024,-74.425833,HOTSPOT PTRL,8/13/2019 12:06,8/13/2019 12:32,26.1
103,19045868,400 PARKSIDE RD,,,PROACTIVE PTRL,8/14/2019 8:04,8/14/2019 8:16,11.13
105,19046823,830 2ND PL,40.615349,-74.413084,PROACTIVE PTRL,8/18/2019 8:34,8/18/2019 8:58,24.25
105,19047189,720 CARLTON AV,40.621221,-74.41004,PROACTIVE PTRL,8/20/2019 12:09,8/20/2019 12:22,13.57
101,19047675,400 JOHN ST,40.609527,-74.428822,HOTSPOT PTRL,8/22/2019 21:19,8/22/2019 21:34,14.98
101,19047777,900 WEST 5TH ST,40.604601,-74.433096,HOTSPOT PTRL,8/23/2019 11:14,8/23/2019 11:32,18.25
103,19049512,716 FIELD AV,40.610691,-74.421134,HOTSPOT PTRL,9/1/2019 9:25,9/1/2019 9:52,26.97
105,19049578,950 PARK AV,40.611937,-74.412372,HOTSPOT PTRL,9/1/2019 15:44,9/1/2019 16:01,17.58
105,19050796,830 2ND PL,40.615349,-74.413084,HOTSPOT PTRL,9/7/2019 10:26,9/7/2019 10:29,3.23
104,19050825,346 FRANKLIN PL,40.619005,-74.412876,HOTSPOT PTRL,9/7/2019 13:58,9/7/2019 15:11,72.42
103,19051010,716 FIELD AV,40.610691,-74.421134,HOTSPOT PTRL,9/8/2019 7:53,9/8/2019 8:08,15.07
101,19051184,1136 WEST 6TH ST,40.599586,-74.437131,HOTSPOT PTRL,9/9/2019 8:37,9/9/2019 8:39,2.17
101,19051275,744 WEST 3RD ST,40.607683,-74.433102,HOTSPOT PTRL,9/9/2019 18:46,9/9/2019 19:04,18.68
101,19051398,1136 WEST 6TH ST,40.599586,-74.437131,HOTSPOT PTRL,9/10/2019 9:46,9/10/2019 10:10,24.1
105,19054843,300 FRANKLIN PL,40.617354,-74.412608,PROACTIVE PTRL,9/25/2019 23:03,9/25/2019 23:26,23.03
101,19054863,631 SOUTH 2ND ST,40.61129,-74.430387,HOTSPOT PTRL,9/26/2019 0:09,9/26/2019 0:25,15.83
103,19054893,935 PLAINFIELD AV,40.606187,-74.420883,PROACTIVE PTRL,9/26/2019 2:37,9/26/2019 2:53,15.43
103,19054900,513 RANDOLPH RD,40.606068,-74.419536,PROACTIVE PTRL,9/26/2019 2:56,9/26/2019 3:14,17.33
102,19055140,533 WEST 3RD ST,40.61242,-74.42699,HOTSPOT PTRL,9/27/2019 2:34,9/27/2019 2:53,18.65
101,19055145,1217 WEST FRONT ST,40.60287,-74.445817,HOTSPOT PTRL,9/27/2019 2:54,9/27/2019 3:12,17.98
105,19056228,248 EAST 9TH ST,40.616682,-74.412557,PROACTIVE PTRL,10/3/2019 5:02,10/3/2019 5:18,15.95
105,19056229,807 HILLSIDE AV,40.619525,-74.405756,PROACTIVE PTRL,10/3/2019 5:22,10/3/2019 5:38,16.47
101,19056249,657 WEST FRONT ST,40.611713,-74.43327,HOTSPOT PTRL,10/3/2019 8:44,10/3/2019 9:05,20.62
103,19057979,700 FIELD AV,40.611035,-74.421643,PROACTIVE PTRL,10/12/2019 10:52,10/12/2019 12:15,83.12
106,19058552,337 JOHNSTON AV,40.62865,-74.406866,PROACTIVE PTRL,10/15/2019 12:23,10/15/2019 12:49,26.12
109,19058784,750 WEBSTER PL,40.621273,-74.407101,HOTSPOT PTRL,10/16/2019 18:12,10/16/2019 18:22,10.07
101,19060501,1350 MYRTLE AV,40.603496,-74.449291,HOTSPOT PTRL,10/26/2019 7:46,10/26/2019 8:03,17.07
101,19060710,755 WEST FRONT ST,40.609476,-74.435804,PROACTIVE PTRL,10/27/2019 10:36,10/27/2019 10:52,15.42
106,19060954,212 TERRILL RD,40.639673,-74.400733,HOTSPOT PTRL,10/28/2019 16:25,10/28/2019 16:48,23.8
101,19062048,1350 MYRTLE AV,40.603496,-74.449291,PROACTIVE PTRL,11/3/2019 15:32,11/3/2019 16:04,32.28
108,19062623,EAST 2ND ST & RICHMOND ST,40.62385,-74.41683,HOTSPOT PTRL,11/6/2019 14:13,11/6/2019 14:57,44.05
109,19063236,111 EAST FRONT ST,40.618968,-74.423645,HOTSPOT PTRL,11/10/2019 2:15,11/10/2019 2:24,9.38
105,19063274,1021 WATCHUNG AV,40.617456,-74.409968,HOTSPOT PTRL,11/10/2019 8:58,11/10/2019 9:10,11.72
103,19064122,716 FIELD AV,40.610691,-74.421134,HOTSPOT PTRL,11/14/2019 10:30,11/14/2019 10:35,5.02
101,19066857,10 CLINTON AV,40.603117,-74.446464,HOTSPOT PTRL,11/29/2019 12:29,11/29/2019 12:52,22.67
101,19069375,1430 WILLEVER ST,40.598999,-74.447698,HOTSPOT PTRL,12/14/2019 13:54,12/14/2019 14:04,9.72
101,20000829,900 WEST 3RD ST,40.606133,-74.43531,HOTSPOT PTRL,1/6/2020 8:45,1/6/2020 8:56,11.05
101,20002731,941 WEST 5TH ST,40.603471,-74.434107,HOTSPOT PTRL,1/15/2020 7:33,1/15/2020 7:55,22.73
101,20003756,900 WEST 3RD ST,40.606133,-74.43531,HOTSPOT PTRL,1/21/2020 7:38,1/21/2020 7:44,6.88
101,20003814,1419 MYRTLE AV,40.60257,-74.4504,HOTSPOT PTRL,1/21/2020 13:29,1/21/2020 13:51,22.62
101,20003819,PRESCOTT PL,,,HOTSPOT PTRL,1/21/2020 14:13,1/21/2020 14:39,25.57
101,20004185,217 LEE PL,40.606692,-74.435605,HOTSPOT PTRL,1/23/2020 7:40,1/23/2020 7:45,4.58
105,20004190,1016 PUTNAM AV,40.619474,-74.410298,HOTSPOT PTRL,1/23/2020 8:24,1/23/2020 8:50,26.73
101,20004197,1419 MYRTLE AV,40.60257,-74.4504,HOTSPOT PTRL,1/23/2020 8:54,1/23/2020 9:22,27.67
106,20004782,142 SUMNER AV,40.636257,-74.408564,HOTSPOT PTRL,1/26/2020 7:31,1/26/2020 7:54,22.73
102,20004855,400 PARK AV,40.616738,-74.420542,HOTSPOT PTRL,1/26/2020 18:09,1/26/2020 18:11,1.75
101,20005322,324 PRESCOTT PL,40.604306,-74.436071,HOTSPOT PTRL,1/29/2020 10:51,1/29/2020 11:11,20.58
104,20006106,248 ORANGE PL,40.622301,-74.422221,PROACTIVE PTRL,2/2/2020 0:18,2/2/2020 0:34,15.65
101,20006977,1350 MYRTLE AV,40.603496,-74.449291,HOTSPOT PTRL,2/7/2020 7:58,2/7/2020 8:02,4.33
106,20007215,142 SUMNER AV,40.636257,-74.408564,HOTSPOT PTRL,2/8/2020 8:12,2/8/2020 8:33,20.82
101,20007218,1350 MYRTLE AV,40.603496,-74.449291,HOTSPOT PTRL,2/8/2020 8:36,2/8/2020 8:51,14.9
103,20007465,10 LARAMIE RD,40.605681,-74.40534,HOTSPOT PTRL,2/9/2020 12:02,2/9/2020 12:14,11.82
104,20007764,108 CHURCH ST,40.620761,-74.421174,PROACTIVE PTRL,2/11/2020 8:44,2/11/2020 8:49,5.15
101,20008231,1350 MYRTLE AV,40.603496,-74.449291,HOTSPOT PTRL,2/14/2020 9:53,2/14/2020 10:07,14.6
103,20008278,711 PLAINFIELD AV,40.608896,-74.423522,HOTSPOT PTRL,2/14/2020 13:18,2/14/2020 13:44,26.1
101,20008465,1350 MYRTLE AV,40.603496,-74.449291,HOTSPOT PTRL,2/15/2020 8:59,2/15/2020 9:22,23.22
101,20008476,921 WEST 5TH ST,40.60397,-74.433534,HOTSPOT PTRL,2/15/2020 10:26,2/15/2020 10:59,32.17
105,20008686,1025 WATCHUNG AV,40.617476,-74.409798,HOTSPOT PTRL,2/16/2020 14:34,2/16/2020 14:50,16.75
106,20009781,1005 EAST FRONT ST,40.633473,-74.412605,HOTSPOT PTRL,2/22/2020 8:13,2/22/2020 8:45,32.52
106,20009970,1005 EAST FRONT ST,40.633473,-74.412605,HOTSPOT PTRL,2/23/2020 12:19,2/23/2020 12:50,30.8
103,20011643,711 PLAINFIELD AV,40.608896,-74.423522,PROACTIVE PTRL,3/3/2020 10:26,3/3/2020 10:40,14.03
101,20011923,1360 MYRTLE AV,40.603375,-74.449482,HOTSPOT PTRL,3/4/2020 14:18,3/4/2020 14:40,21.67
101,20012672,1350 MYRTLE AV,40.603496,-74.449291,HOTSPOT PTRL,3/9/2020 8:18,3/9/2020 8:29,11.02
101,20013417,900 WEST 5TH ST,40.604601,-74.433096,HOTSPOT PTRL,3/12/2020 10:27,3/12/2020 10:36,9.23
104,20013585,1147 SOUTH AV,40.629917,-74.400891,HOTSPOT PTRL,3/13/2020 8:06,3/13/2020 8:12,5.82
101,20014171,1430 WILLEVER ST,40.598999,-74.447698,HOTSPOT PTRL,3/17/2020 11:22,3/17/2020 11:47,25.68
105,20015143,346 FRANKLIN PL,40.619005,-74.412876,HOTSPOT PTRL,3/26/2020 16:43,3/26/2020 17:07,24.13
,,,,,,,,
,,,,,,,,
Averages,,,,,,,,19.1256691
411 record(s),,,,,,,,